{"episode_wait": 41.230918884277344, "epoch": 3.0, "generator_episode_len": 91.37499237060547, "generator_episode_num": 18.0, "generator_running_accuracy": 0.6724492311477661, "generator_step": 405.79998779296875, "loss": 7.10107421875, "_timestamp": 1693867807.1599174, "_runtime": 322.03014945983887, "_step": 3}